1,21.83118938,-102.2824738
2,22.14037456,-102.0410578
3,21.8809511,-102.7153653
4,22.35869904,-102.2808258
5,21.94706792,-102.3867547
6,22.11875763,-102.2826481
7,22.21624574,-102.3003547
8,22.16068502,-102.5308866
9,22.22642621,-102.2317972
10,21.88124174,-102.077864
11,22.03435659,-102.2554818
12,31.67663898,-116.3127332
13,32.39017265,-115.158814
14,32.47691177,-116.4548636
15,32.44974605,-116.8747889
16,32.27866883,-116.9591878
17,30.08045176,-115.4093603
18,25.3834486,-111.7221949
19,27.15343547,-112.8109629
20,23.97431514,-110.3722797
21,23.21340411,-109.7697562
22,25.94066262,-111.4470996
23,20.35316403,-90.08100575
24,19.72777988,-90.37396623
25,18.51208767,-91.38525503
26,19.16714444,-90.63813326
27,20.14922514,-90.11628983
28,19.58664673,-89.7020147
29,18.11262764,-91.91030185
30,19.972454,-90.22730862
31,18.59419045,-90.67079474
32,18.42004423,-89.42755189
33,18.09079456,-90.82863596
34,19.60314314,-90.67897777
35,27.14699868,-101.3117353
36,29.33436052,-101.3707024
37,28.32382722,-100.8846554
38,25.36673576,-100.6595237
39,26.84966612,-100.7079663
40,26.65909472,-101.3855904
41,26.84753734,-102.0862171
42,27.31178479,-101.3280924
43,25.90418059,-103.2554839
44,26.96477609,-101.4827009
45,25.43951428,-101.4989393
46,28.29627883,-100.4384059
47,27.83916078,-99.98942331
48,29.07333723,-100.8846984
49,27.5848096,-100.6415586
50,27.08903932,-101.8235245
51,25.5533503,-103.2429786
52,26.94799623,-101.3171114
53,28.38273174,-100.9150331
54,28.06390361,-101.655574
55,27.07025471,-101.6349518
56,28.51190308,-100.6169204
57,27.98037417,-102.8466003
58,25.50321118,-102.1161195
59,28.75382189,-100.5806891
60,27.45943687,-101.0795996
61,25.73980785,-101.0739314
62,27.88830754,-101.1325689
63,27.01318765,-101.756163
64,25.21517153,-101.1308109
65,27.34128308,-101.6936615
66,27.95903208,-101.3137232
67,25.7917177,-103.0351225
68,27.58502943,-103.6596442
69,25.48403906,-103.3524886
70,25.3265181,-103.1871311
71,28.20315405,-100.7834492
72,28.71184039,-101.1431323
73,18.96770997,-103.9823268
74,19.17042045,-103.6827453
75,19.38125475,-103.74199
76,19.19804911,-103.8445372
77,19.33035541,-103.6083242
78,18.96662499,-103.6888941
79,19.12077846,-104.3335207
80,19.37658252,-104.0505474
81,18.89229058,-103.8798584
82,19.31842276,-103.7755751
83,15.38480421,-92.69976791
84,16.52001655,-92.82111958
85,15.26833495,-92.75562382
86,16.65058055,-91.85586347
87,17.38826552,-92.85098895
88,15.55759292,-92.09515574
89,16.50658111,-92.35888582
90,15.74156255,-92.66736669
91,16.21599257,-93.93758462
92,15.48905258,-92.15648174
93,15.61669267,-92.235977
94,16.8302008,-93.30326189
95,17.00718542,-92.9271341
96,17.01903044,-92.74629695
97,15.05462449,-92.17036061
98,17.73446147,-92.01939692
99,16.66046201,-93.83600911
100,17.11465256,-93.12473059
101,16.24736989,-92.17543853
102,15.91525979,-92.85834655
103,17.10473272,-93.24234706
104,17.00740754,-92.5980803
105,16.81948747,-92.67795941
106,16.61820616,-92.19827316
107,17.33181514,-93.12759451
108,16.95204147,-92.57565428
109,16.60705974,-92.98877189
110,16.553986,-92.72986039
111,16.99811952,-93.11396208
112,15.76269411,-92.36209603
113,17.09829861,-92.12341902
114,15.33403303,-92.58055835
115,17.28287569,-93.28759284
116,15.74167599,-92.07181421
117,14.75172713,-92.20745613
118,15.50956134,-92.22231315
119,15.03138803,-92.40201086
120,16.70440746,-92.39625204
121,17.23396224,-92.70640633
122,15.14393254,-92.51229184
123,16.21695885,-91.7399613
124,17.29810165,-93.00824525
125,17.42773056,-93.09426282
126,16.81136222,-92.91851031
127,17.47881321,-92.987326
128,16.56762979,-93.64419434
129,17.09221856,-92.84076538
130,17.6940476,-93.18729073
131,16.91288708,-92.76414383
132,17.57676271,-91.74962472
133,15.42328788,-92.94729875
134,16.33820925,-91.75561284
135,15.36291493,-92.18892917
136,14.87903235,-92.46864247
137,14.82752114,-92.19799843
138,16.87647372,-92.57137378
139,15.30050147,-92.34221803
140,16.437073,-92.585347
141,16.87439375,-91.83911165
142,17.21855165,-93.1735256
143,16.78494419,-93.43088535
144,17.43995513,-93.41714258
145,16.88863347,-93.070539
146,16.79431931,-92.29961889
147,17.5039207,-91.90199418
148,17.06367561,-92.45551373
149,17.1899423,-93.05515653
150,17.52862301,-93.16792184
151,15.64195707,-93.19908989
152,15.43235773,-92.26489084
153,15.19129665,-92.58972959
154,17.21189422,-92.84755657
155,17.20117314,-92.99957656
156,17.86931157,-93.22553677
157,16.35884034,-92.37208129
158,17.30479474,-92.58546631
159,17.42113115,-92.20804202
160,16.69359043,-92.612775
161,16.90339683,-93.22150921
162,15.54020963,-92.34189946
163,17.14599123,-92.67101665
164,17.04030735,-92.35197456
165,16.17755357,-92.36665719
166,17.39539001,-93.01351113
167,16.91340987,-92.96631583
168,16.60963823,-93.10141776
169,14.64328452,-92.22012489
170,17.48437993,-93.24720771
171,14.94525964,-92.30312562
172,17.22910395,-93.1172935
173,17.25417968,-93.00908736
174,17.16202894,-93.38478593
175,16.84332862,-92.4822823
176,16.56001938,-92.51576274
177,17.35226827,-92.48247099
178,15.98657221,-93.67823757
179,16.51567239,-92.68339167
180,16.01592019,-91.93271056
181,17.308745,-92.27986364
182,16.70864629,-93.13650322
183,14.93076754,-92.18727391
184,15.13520341,-92.42054526
185,16.1223108,-92.24446125
186,15.06259568,-92.09730123
187,16.32431906,-92.5574243
188,16.10463625,-93.22605069
189,16.34086315,-93.32841093
190,17.18592309,-92.32669503
191,16.60063886,-92.70023414
192,16.72459552,-92.77948217
193,16.94322035,-92.38845902
194,16.91936596,-92.690853
195,16.37899006,-90.57100533
196,16.20787124,-91.25920432
197,16.21606475,-90.75932779
198,15.67566811,-92.64431994
199,17.15890921,-92.79632729
200,16.94811568,-92.72015879
201,15.57312135,-92.60438751
202,17.20831778,-92.93035667
203,16.32187522,-92.99194944
204,16.5249768,-92.88810872
205,17.22003222,-93.59546011
206,15.56395825,-92.463346
207,30.47868539,-106.4846039
208,28.93200224,-105.7172034
209,27.04433522,-105.3081546
210,28.58594836,-105.8818028
211,31.26912823,-107.750406
212,28.85521115,-107.2869978
213,26.73219141,-106.5348187
214,26.95086978,-107.7193636
215,27.78879665,-107.6085507
216,30.01609988,-107.1642463
217,27.82444966,-104.7872337
218,27.75288706,-107.0764466
219,30.31703916,-108.0762183
220,26.68288109,-105.1243404
221,29.65751567,-105.1348632
222,27.88653166,-105.1371006
223,28.57299312,-106.8992231
224,28.23339062,-106.9397753
225,28.824246,-106.1970331
226,27.47137638,-108.4982773
227,28.17029329,-105.4487145
228,28.00895489,-106.4535577
229,30.1018566,-107.6317584
230,28.3466421,-106.3443772
231,29.34191838,-107.7085178
232,28.30607832,-106.5758156
233,27.16766401,-107.2923358
234,31.14868075,-105.8788282
235,26.17239119,-107.0401551
236,27.43697988,-108.2348582
237,28.43134974,-107.4982851
238,27.06788583,-105.7014819
239,27.031868,-106.1033316
240,29.66321736,-107.7342531
241,30.82125971,-108.391822
242,27.12494434,-104.7342975
243,31.49161418,-106.512822
244,28.48833436,-105.2508914
245,26.98909729,-105.0490862
246,29.26501048,-108.3587618
247,27.82066405,-107.971751
248,28.93141488,-103.9233377
249,28.82007892,-107.7129186
250,26.75198189,-105.5819818
251,28.33720902,-105.5233595
252,26.59616843,-107.7147507
253,28.13664331,-108.7269417
254,29.16071893,-107.3239277
255,27.43127677,-106.7336606
256,30.48143231,-107.8526433
257,28.15829717,-108.2218878
258,29.32377861,-104.4495154
259,31.29888254,-105.9427534
260,28.81730658,-106.6493674
261,28.2974686,-105.5802378
262,27.25655411,-106.2926596
263,27.89243629,-106.7216888
264,27.57818053,-105.3760985
265,26.89957724,-105.8913666
266,26.82642285,-105.77387
267,27.78999202,-106.2003745
268,28.06420214,-105.309137
269,28.68963753,-108.1238635
270,27.07021895,-106.3145636
271,27.26981309,-107.9542853
272,27.84580738,-108.3699005
273,27.48505607,-105.8511723
274,19.484103,-99.184361
275,19.350214,-99.162146
276,19.33537119,-99.319592
277,19.482945,-99.113471
278,19.395901,-99.097613
279,19.359004,-99.092623
280,19.27135768,-99.26278106
281,19.19096253,-99.04444038
282,19.31081038,-99.2711625
283,19.27105598,-98.99367659
284,19.20155346,-99.20180252
285,19.23010691,-99.09505573
286,19.371992,-99.157853
287,19.441647,-99.151884
288,19.407269,-99.190754
289,19.419262,-99.113701
290,24.51977301,-104.8073692
291,25.08903378,-106.509516
292,25.02949464,-104.7344276
293,24.63738148,-103.7379564
294,24.02865393,-104.6705165
295,24.90214723,-103.2639511
296,25.70855748,-103.477271
297,24.43250957,-104.0914529
298,25.99756142,-106.1084022
299,26.02203099,-104.8294748
300,25.76297678,-105.0333736
301,25.48520401,-103.6075299
302,26.18142642,-104.0497039
303,22.87919333,-104.5518794
304,25.23980987,-104.0951716
305,23.83561379,-104.169176
306,26.55562477,-105.7646606
307,25.69809729,-105.2738947
308,24.70138813,-106.0155994
309,24.42153328,-104.3339358
310,24.75981623,-104.0194906
311,23.97520406,-104.0476835
312,23.42155761,-105.3443159
313,25.17559823,-104.5635006
314,26.17022499,-105.6623068
315,24.20565832,-105.7560733
316,24.59473906,-102.6987746
317,24.77447122,-104.5005708
318,25.38175619,-104.2794618
319,25.5978568,-104.3863544
320,24.50301688,-103.4047224
321,24.97548184,-105.6996561
322,23.43307295,-104.1493224
323,25.04923571,-106.7666335
324,25.47755768,-106.2067308
325,26.06226024,-103.5358716
326,25.2320022,-106.6651655
327,23.72216286,-103.9799595
328,24.87890028,-105.0212331
329,20.50433992,-101.537628
330,20.05909138,-100.7408272
331,20.943061,-100.7101662
332,20.42615053,-100.5680734
333,20.55257146,-100.6379665
334,21.24401159,-99.81059551
335,20.53578004,-100.8067698
336,20.72049112,-101.8546092
337,20.72834908,-100.7848156
338,20.21193431,-100.3748984
339,20.46946826,-100.9634976
340,20.62011503,-101.660365
341,21.13858774,-100.3614444
342,21.16065201,-100.899035
343,20.99979365,-101.2671914
344,20.35815883,-101.5012789
345,20.67465488,-101.3709161
346,20.35740007,-101.0519037
347,20.20513064,-100.5102913
348,21.09015471,-101.6453375
349,20.09795522,-101.23165
350,21.6016788,-101.4683262
351,20.40506561,-101.8036642
352,20.54632985,-101.3637575
353,20.95442245,-101.9056266
354,20.84196568,-101.561618
355,20.58649464,-101.1756324
356,20.21392311,-100.9049159
357,21.40039734,-100.8088152
358,21.45719831,-101.2465198
359,20.94140832,-101.7932635
360,21.03105732,-100.4127357
361,21.35918742,-100.5011536
362,21.14938685,-100.0698803
363,20.63612137,-100.9800621
364,20.16334,-101.0020661
365,20.94015545,-101.4511536
366,20.00171397,-100.5310599
367,20.29751732,-100.7581732
368,21.03306048,-100.1560898
369,20.10956709,-101.1589179
370,20.41112409,-101.2536666
371,21.35607557,-100.2233709
372,20.53525835,-100.9834089
373,21.34344839,-99.99675717
374,20.18797342,-101.2068552
375,16.92426431,-99.74129436
376,17.74342565,-98.91774774
377,17.94641369,-100.5930372
378,17.37237389,-98.37018668
379,17.64580183,-98.51255042
380,18.08377198,-99.99172993
381,18.26343898,-100.1835966
382,18.17981706,-99.10372291
383,17.29674357,-98.57491735
384,17.48365886,-98.89587275
385,17.27306374,-100.3473711
386,16.95257538,-99.06536719
387,16.65026549,-98.5777057
388,17.10860264,-100.4664916
389,18.4693993,-99.413228
390,18.27873512,-101.6394425
391,18.16489969,-99.70233241
392,16.60614575,-98.93676267
393,17.96979619,-99.05297184
394,17.42846338,-98.69842466
395,17.0686864,-100.0862789
396,18.05669987,-100.9601933
397,16.49087756,-98.50204119
398,17.72925895,-98.67195862
399,16.704032,-98.98742032
400,18.128399,-99.81053068
401,18.65955695,-100.6009217
402,17.51659174,-99.11359651
403,17.40459716,-99.59222076
404,16.70117619,-99.15624633
405,18.43082009,-100.0994682
406,17.74168577,-100.0291003
407,17.78997721,-98.55760983
408,18.28744628,-99.26229182
409,18.3075305,-99.550226
410,16.75467945,-98.48182
411,18.47505003,-99.79189425
412,17.81252734,-101.4218098
413,17.13308349,-99.50837236
414,17.62649334,-99.80688048
415,17.18069429,-98.7042766
416,17.824813,-99.3427859
417,17.17284339,-98.42157944
418,17.38130316,-99.36778056
419,17.86451853,-98.75096674
420,16.68052275,-98.38201163
421,18.54665506,-99.86315012
422,17.60664509,-101.1700296
423,18.71045635,-99.62552474
424,18.34244422,-100.6293039
425,17.34425232,-99.17308322
426,16.90355314,-98.69389221
427,16.77714149,-99.37566983
428,17.84920489,-100.2975547
429,18.5475197,-99.62998699
430,16.97445392,-99.26360127
431,17.37538679,-100.7621731
432,18.36095527,-99.94007304
433,18.16429998,-99.48775108
434,18.65219806,-99.67792631
435,17.58003858,-99.37788729
436,16.93654139,-98.2578618
437,17.24334947,-98.77104744
438,18.42935224,-100.4517219
439,17.57507932,-98.39338905
440,17.53425147,-98.60442691
441,18.27156122,-100.4544018
442,18.00108015,-101.8680322
443,17.44625721,-98.58153579
444,17.9055473,-98.51965435
445,16.81092394,-98.18894169
446,17.39309417,-98.79762569
447,18.36285687,-101.1914748
448,17.72002103,-99.19708122
449,17.75891498,-99.59333302
450,17.21727216,-98.91890578
451,16.59640342,-98.76809544
452,17.11417002,-98.41296993
453,17.43847117,-99.00130461
454,16.5860847,-98.67628424
455,17.03663478,-98.67294259
456,20.20661567,-98.44356778
457,20.1640396,-98.18825992
458,20.2853943,-98.91414398
459,20.36029525,-98.36911943
460,20.1463185,-99.06139885
461,20.41236021,-99.38587741
462,19.74225044,-98.34226222
463,19.73717529,-98.43643464
464,20.21673292,-98.88935019
465,20.0561446,-99.2199446
466,21.02592586,-98.36802543
467,20.34692157,-98.67432684
468,19.97143562,-99.23719548
469,20.90177996,-98.57058925
470,20.62983592,-99.07421817
471,19.98301668,-98.2857729
472,20.26581958,-99.46636589
473,21.14303838,-98.93077253
474,20.33709015,-99.23294824
475,20.72718796,-98.87681896
476,19.65529139,-98.56886948
477,20.02683953,-98.63957158
478,20.23846903,-99.07888953
479,20.23214601,-98.54550833
480,21.04354546,-98.24768084
481,20.99917636,-98.48987055
482,20.51205149,-98.07072103
483,21.11576018,-98.47744481
484,20.38917993,-99.65119729
485,20.53861282,-99.19432017
486,20.96602996,-99.14884584
487,21.15365646,-98.52356767
488,20.83160207,-98.83844514
489,21.0061745,-98.73048303
490,20.2641315,-98.34397133
491,20.50576233,-98.62361552
492,20.56652065,-98.79736215
493,20.21791777,-98.74968126
494,20.14389952,-98.66278944
495,21.07038875,-99.07155038
496,20.22166066,-99.1834175
497,20.84020156,-98.75858507
498,20.79525982,-99.17323247
499,20.23132853,-99.68152307
500,20.17850442,-98.63634
501,21.23969463,-98.58393186
502,20.96498671,-99.32099709
503,20.09507403,-98.79166319
504,21.22815183,-98.99530351
505,20.29327535,-99.18928817
506,20.07217822,-98.72974854
507,20.10689109,-98.90830414
508,20.45065077,-98.1990259
509,20.29312586,-99.03374251
510,20.40609435,-98.97521974
511,20.04185024,-98.39132055
512,19.99086572,-98.51536485
513,20.54590738,-99.34584988
514,20.53189572,-99.64777266
515,20.35421682,-98.20403207
516,19.80606238,-98.50072234
517,21.06770357,-98.84700555
518,19.90445005,-99.35120638
519,20.18335582,-99.38880114
520,20.11533978,-99.16265878
521,19.9059486,-98.80692868
522,20.17261998,-99.28304407
523,20.781242,-98.5537465
524,19.86183077,-98.95395898
525,20.13087728,-99.22491344
526,20.89678657,-98.96068649
527,19.82313324,-98.59950286
528,21.03165324,-98.65177846
529,20.096377,-99.22590036
530,19.94676029,-98.92030243
531,20.04875456,-99.35470596
532,20.11969898,-98.36317602
533,20.85743562,-98.28206774
534,20.79717363,-98.63734054
535,20.91505597,-98.37885527
536,20.66038451,-98.57364016
537,19.99338193,-98.86206337
538,19.93968968,-98.67292683
539,20.74251634,-99.35654149
540,20.76558324,-102.9154418
541,20.42393157,-103.6028305
542,20.69917288,-103.955124
543,19.98804875,-103.6135315
544,20.85788258,-103.7239758
545,20.53694462,-104.0501193
546,20.80204383,-104.0226027
547,20.76258542,-102.3041406
548,20.75498113,-103.660353
549,20.14179988,-103.7097382
550,20.29428277,-104.2623885
551,20.37062734,-104.5125914
552,20.5498456,-102.5366705
553,19.98504818,-103.4700787
554,19.754039,-104.3033125
555,20.49399393,-102.3508287
556,20.06449315,-104.4003383
557,20.3538714,-102.5233723
558,21.86174189,-103.9368021
559,20.34372987,-105.3949431
560,19.59614461,-104.479247
561,19.2390059,-104.648387
562,19.70384476,-103.4951248
563,20.38602185,-103.8263724
564,22.08637437,-103.2863574
565,19.99041113,-103.2202352
566,19.43222914,-104.2930715
567,20.20486142,-104.4726982
568,20.96429667,-103.0374943
569,20.33106182,-103.1622317
570,21.74803695,-103.6945633
571,20.08561882,-103.894214
572,20.45405569,-102.1493795
573,19.9173293,-104.082337
574,21.57759122,-102.1813911
575,20.76652238,-104.1090424
576,19.79366488,-104.2014138
577,20.66942122,-104.4131929
578,20.70272733,-103.3013113
579,21.06037917,-104.0922328
580,22.33319463,-103.2537324
581,22.57844612,-103.9045127
582,19.50125953,-104.8544772
583,20.40374368,-103.2059392
584,20.88077676,-103.2150542
585,21.18911079,-102.4826094
586,20.27614843,-102.6724522
587,20.62556576,-102.1340472
588,19.33122261,-102.9193386
589,20.29227602,-103.4149211
590,20.49908434,-103.1499432
591,20.05602193,-104.0354843
592,21.45610672,-101.9096567
593,19.82945221,-104.1125937
594,20.91760817,-104.0095173
595,19.53965726,-102.8499208
596,20.02036661,-103.1158084
597,20.55081252,-104.8148373
598,19.88667,-103.051455
599,21.26656922,-102.7557416
600,22.20688325,-104.0466008
601,20.48315632,-104.4430627
602,20.38950869,-102.7398692
603,21.81396626,-101.6853672
604,19.18949844,-103.3776973
605,20.35769499,-102.926332
606,20.69619992,-105.18803
607,19.78516838,-104.706992
608,19.7938556,-102.8802895
609,20.53362303,-103.2186036
610,21.0559425,-103.4593939
611,20.97278035,-102.0336089
612,21.26952091,-102.2976469
613,20.9910901,-102.1623683
614,20.80326696,-104.2352294
615,21.60723994,-103.8049928
616,20.43802565,-103.9150229
617,20.99112464,-102.364413
618,19.83088471,-103.4443606
619,20.85132151,-104.820527
620,22.19274987,-103.1885885
621,19.87699621,-103.5735178
622,20.59373075,-103.6818496
623,20.28419203,-104.9143529
624,19.65679925,-103.1683866
625,19.95100668,-103.7374588
626,19.26410287,-103.2096013
627,20.21824975,-104.0198282
628,20.09161343,-103.5656517
629,20.16307522,-104.1715469
630,21.47173804,-102.5437327
631,20.10166052,-103.3502262
632,20.83382373,-102.7211475
633,21.08000095,-103.7654556
634,20.67399235,-103.8353378
635,20.12548144,-103.0762751
636,20.4891988,-103.4174391
637,20.57887841,-103.3510815
638,19.57528676,-103.9069448
639,19.98362389,-105.1975553
640,20.61299913,-103.2001074
641,19.82435213,-103.9667048
642,19.42832979,-103.531486
643,21.9405805,-103.4759257
644,20.53974615,-102.739532
645,19.69587283,-104.0086881
646,20.15438502,-103.2299818
647,19.49132025,-103.4278327
648,21.16049142,-101.9933732
649,19.96867721,-104.2675024
650,21.05249218,-102.6393574
651,19.83846302,-102.9731744
652,19.71268964,-103.7506315
653,20.39560702,-103.6895117
654,22.01037541,-103.6617853
655,21.6649981,-102.5753252
656,21.15032999,-102.6981998
657,21.13799022,-102.9196035
658,20.22873351,-103.5744399
659,20.7951042,-103.4977528
660,19.61793341,-103.3520153
661,19.51328991,-103.7890577
662,20.45355403,-102.9178026
663,20.62364024,-103.0452408
664,20.76057969,-102.5108156
665,19.97258321,-99.88184719
666,19.63928542,-98.91885445
667,20.11236406,-99.82545884
668,18.84228737,-99.86427405
669,19.39824148,-99.8176444
670,19.155878,-99.48005625
671,19.26204745,-99.99935023
672,18.70520446,-100.2895085
673,19.11563309,-98.76218698
674,19.96704095,-99.16819584
675,19.56571213,-98.9326502
676,19.1777325,-99.49499683
677,19.55939029,-99.28491371
678,19.81400754,-99.861235
679,19.0211715,-98.75715234
680,19.77109008,-98.7317352
681,19.12772394,-98.79986668
682,19.17622086,-99.61156877
683,19.21441394,-99.46196265
684,19.616335,-99.09916725
685,18.93758195,-99.79131952
686,19.22694645,-98.85881282
687,19.79024517,-99.21043267
688,19.71740567,-99.15539593
689,19.2445539,-98.86517697
690,19.8249105,-99.55522947
691,19.20181018,-99.56060555
692,19.573051,-98.885112
693,19.40323147,-98.88174312
694,19.5515945,-98.896746
695,19.413983,-98.95890167
696,19.31157763,-100.1877994
697,19.5948314,-99.0554326
698,18.963547,-98.7651573
699,19.83396478,-99.22719037
700,19.94240964,-99.02073236
701,19.38202049,-99.34331851
702,19.56351867,-99.40818828
703,19.34218365,-98.82601404
704,18.85164156,-99.68683759
705,19.2574639,-100.2789049
706,19.59648723,-99.80812092
707,19.1682177,-99.39092285
708,19.7072975,-99.0824175
709,20.00595185,-99.59343897
710,19.52019548,-99.38357848
711,19.58312271,-99.64689255
712,19.70756937,-99.80220132
713,19.05960625,-99.52596325
714,19.09902786,-98.87279159
715,19.35509691,-99.47222428
716,18.89018243,-99.48195948
717,19.71351264,-99.13584127
718,19.2395113,-99.58963596
719,19.209893,-99.58185625
720,19.74607287,-99.64689945
721,19.46421503,-99.32694628
722,19.42306783,-99.0161465
723,19.73048554,-99.08542925
724,19.6401574,-99.37785376
725,19.80451946,-98.70978523
726,19.27296859,-99.43624668
727,18.98978868,-99.40932776
728,19.79163059,-100.0771815
729,19.67159698,-98.75062385
730,19.11364167,-100.3327006
731,19.43663803,-99.54203316
732,19.00633926,-98.81015858
733,19.55893167,-98.857147
734,19.36353647,-98.943003
735,20.21991862,-99.82231314
736,19.13664978,-99.57421267
737,19.17380786,-99.55760971
738,19.66455892,-99.98498958
739,19.71697705,-98.83032224
740,19.26231533,-99.54399367
741,18.97915559,-100.0378513
742,19.17918253,-100.284741
743,20.03920156,-99.49404856
744,18.75024169,-99.98184126
745,19.72048355,-98.96937967
746,18.86191174,-100.2307029
747,19.19931656,-98.87524715
748,19.81470976,-98.8794191
749,19.91590135,-100.0320438
750,19.0646375,-99.98667308
751,19.47095639,-99.59842361
752,18.96073479,-99.57557046
753,19.16151948,-98.86061232
754,19.08404559,-99.6047801
755,19.76024767,-99.181371
756,19.6888651,-98.8708083
757,19.56735968,-98.79546478
758,19.00615516,-98.83042776
759,19.71646495,-99.28127977
760,19.9116805,-99.12459721
761,18.93971317,-99.9379024
762,19.13432,-99.5016206
763,19.49288268,-98.86583413
764,19.59279129,-98.92416936
765,19.16490487,-99.44769355
766,19.88049885,-99.72506378
767,19.19725065,-98.79268467
768,19.5600234,-99.1312722
769,18.56201612,-100.2489926
770,19.33108212,-99.65485061
771,18.78769447,-99.64950479
772,19.67919729,-99.11729341
773,19.62983708,-99.1407245
774,19.16887188,-100.1078957
775,19.38475201,-100.1271216
776,19.73006578,-99.46085849
777,18.96326033,-99.67248035
778,19.46141462,-100.0014662
779,19.42706719,-99.47903376
780,19.05155809,-100.2655132
781,18.70194692,-99.81253724
782,19.26536877,-99.7745108
783,18.83579581,-99.563503
784,19.81260307,-99.0630388
785,19.671291,-99.25322517
786,19.25455025,-98.95764825
787,18.94535782,-100.4233984
788,19.62511613,-100.1318238
789,19.684508,-99.05812529
790,19.47067473,-101.3290105
791,18.75744351,-102.7699438
792,19.86180448,-101.0211255
793,20.13458713,-101.7303087
794,19.62210309,-100.301543
795,18.98966298,-102.4237988
796,19.65675908,-100.3962875
797,18.38084937,-103.2335439
798,19.16137308,-101.7083921
799,18.32358165,-102.3819725
800,20.25177618,-102.5703183
801,19.18770841,-102.5828159
802,18.99178051,-101.0362141
803,18.73262046,-103.6393282
804,18.66905288,-103.1072414
805,19.81275212,-101.6191916
806,19.95422543,-100.2126158
807,19.88880056,-101.2395528
808,19.74783828,-102.7084894
809,19.99828117,-101.1432714
810,19.6665922,-102.2346071
811,19.66091757,-101.0133738
812,20.04606458,-102.4392233
813,19.7200838,-102.0235241
814,19.83392781,-102.0917416
815,18.72101743,-103.3916579
816,19.89149348,-101.3481517
817,20.12974521,-102.0757721
818,18.71030845,-101.6013857
819,20.15069821,-102.2259245
820,20.14511176,-100.2839307
821,19.59417056,-101.7202009
822,19.17465112,-102.0146028
823,19.58233486,-100.6768359
824,18.88742026,-101.872979
825,19.97772365,-101.284878
826,19.8942936,-101.512412
827,18.6529468,-101.0642841
828,19.52522515,-101.4619812
829,19.7666671,-100.9484722
830,19.70998705,-100.4637171
831,20.14274308,-102.4134614
832,19.94935911,-102.3187147
833,19.92404924,-101.729557
834,19.98438338,-102.7535864
835,19.30358392,-100.4345204
836,19.44944812,-100.5156661
837,19.57060367,-101.4191977
838,19.33607247,-101.1544459
839,19.88972165,-100.4219545
840,20.03447098,-102.9702905
841,18.06707138,-102.398245
842,19.64597957,-101.2573024
843,19.99267573,-101.4362352
844,18.98129884,-102.1233903
845,19.62355024,-101.9011906
846,19.11127254,-101.2117096
847,19.39154952,-102.179228
848,19.16056122,-101.865012
849,20.2713209,-101.9639141
850,19.58435793,-100.3409851
851,20.13494667,-102.5261374
852,20.00934481,-101.7600305
853,19.04783809,-102.2245613
854,19.64163456,-102.0577714
855,19.50762055,-101.5846447
856,20.13721439,-101.9117059
857,19.50500936,-102.4276734
858,20.31729448,-102.0363245
859,19.906806,-101.9974329
860,20.11985162,-101.5183341
861,19.69286092,-100.8406808
862,19.67145157,-101.5454391
863,20.11739635,-102.8751036
864,19.65885764,-102.4030544
865,20.0577624,-102.7518909
866,18.52906728,-100.7463711
867,20.0447397,-101.0449227
868,19.37078412,-101.6976653
869,19.7548384,-100.3398085
870,19.19806308,-100.4063567
871,19.23940108,-101.4491986
872,19.30962256,-102.3490865
873,19.90908729,-102.4364179
874,19.8852586,-102.2301221
875,20.28509535,-102.3391358
876,19.32812252,-101.9098355
877,19.79188302,-101.149598
878,19.06307156,-102.85063
879,19.49484639,-101.8640026
880,19.78413738,-102.50584
881,19.08058577,-100.8221863
882,19.78079075,-100.1966071
883,20.00137542,-102.0748687
884,19.62025559,-102.5987597
885,18.54218378,-102.5280883
886,18.95741161,-101.4229639
887,19.56807079,-100.4851753
888,19.24391553,-100.6178164
889,19.60739328,-101.5474761
890,19.44454186,-100.9077104
891,19.42801512,-102.0994274
892,20.12590405,-102.6690755
893,19.96234438,-102.5979496
894,20.2826267,-102.4555042
895,20.31026335,-102.2454045
896,19.81277678,-101.8031045
897,20.02146306,-102.2885461
898,20.17131629,-101.9985593
899,19.86856744,-100.7489096
900,19.41353745,-101.9081501
901,19.43323265,-100.3568131
902,20.27633885,-101.562478
903,18.59977087,-99.37257691
904,18.93676983,-98.89507655
905,18.51747759,-98.74672308
906,18.72508192,-98.95142714
907,18.731186,-99.44930674
908,18.82196779,-98.95213646
909,18.95607086,-99.23952865
910,18.80856746,-99.18558241
911,19.03018019,-99.24741871
912,18.70292398,-98.78259014
913,18.87911507,-99.1504561
914,18.58923167,-99.22358672
915,18.6643789,-98.80496173
916,18.71182619,-99.36508119
917,18.7948091,-99.36285195
918,18.88331512,-98.77952908
919,18.56968837,-99.29897513
920,18.85215977,-99.2556837
921,18.60349882,-98.86927914
922,18.96463851,-99.0999573
923,18.7093684,-99.40544775
924,18.88147288,-98.72420819
925,19.02173811,-98.96571933
926,18.70750404,-99.12675912
927,18.55187305,-99.119983
928,18.95081627,-98.97625961
929,18.99276655,-98.92069991
930,18.7699781,-99.23273993
931,18.88510314,-99.04402427
932,18.86053015,-98.87000563
933,18.65225471,-99.20791488
934,18.80856478,-98.75243296
935,18.76080422,-98.77892922
936,18.74279686,-99.319643
937,18.68123486,-99.25036193
938,18.87489121,-98.69106674
939,22.47902527,-105.3298616
940,21.05013818,-104.5342766
941,20.83201327,-104.415626
942,21.14177135,-105.0973406
943,22.77191156,-105.2181227
944,21.03911012,-104.3289164
945,21.17736077,-104.3944879
946,21.4175054,-104.8808452
947,22.12789773,-104.6588812
948,22.07493639,-105.2078471
949,21.98458499,-104.9617148
950,21.57982992,-105.3205061
951,21.19924553,-104.7386673
952,21.35388961,-104.5961805
953,21.81327846,-105.2443008
954,22.36591981,-105.5109105
955,21.57844898,-104.8840803
956,21.94673573,-105.2905801
957,21.55424556,-104.1356259
958,20.80770242,-105.3052093
959,25.94798233,-100.4054426
960,26.30559591,-99.64440065
961,26.11388379,-99.24079445
962,25.30562509,-100.0060085
963,27.29515494,-100.1203355
964,25.79060604,-100.1814636
965,24.2213899,-99.82997269
966,26.55627102,-100.5061549
967,25.48667733,-99.95999963
968,25.8941331,-100.3520344
969,26.09834905,-99.65400993
970,25.96658081,-100.1735549
971,25.51281181,-99.00605641
972,23.79891881,-100.2876699
973,25.96588288,-99.04805653
974,25.84060725,-99.83409361
975,24.85200748,-100.3703291
976,25.81110613,-100.625051
977,25.63082182,-100.3842841
978,25.80731664,-98.89897854
979,25.82859298,-100.3680495
980,25.2718597,-99.48485394
981,26.20420796,-99.46264325
982,23.93439645,-99.72728234
983,25.88911357,-100.1325012
984,25.67963192,-100.1695431
985,25.91024802,-99.42123827
986,25.98846789,-100.0032566
987,24.88284416,-99.66996173
988,24.63543835,-99.85506757
989,25.601629,-100.1189722
990,27.01847622,-100.4064576
991,24.84996333,-99.5667106
992,25.86032154,-100.0132545
993,26.05657424,-99.52542786
994,23.42662419,-100.1728166
995,26.21180062,-100.760885
996,25.16755663,-99.84475501
997,25.56683823,-100.2769636
998,26.52514378,-99.58204678
999,25.7523427,-100.0215471
1000,25.65668758,-99.60261857
1001,25.0955484,-100.1300083
1002,26.50394452,-100.1138221
1003,26.06980561,-100.2777622
1004,25.755253,-100.289586
1005,25.98654311,-100.452106
1006,25.60943669,-100.4856589
1007,25.41136869,-100.1852791
1008,26.561209,-99.88170512
1009,26.46935004,-100.3857787
1010,17.435752,-96.608174
1011,18.48197518,-96.52712419
1012,17.03568477,-95.93342362
1013,17.92451783,-97.67905167
1014,16.54048702,-95.03323809
1015,17.43723058,-97.18367864
1016,16.7571825,-96.722089
1017,16.2429185,-95.7497885
1018,17.71814843,-96.14273357
1019,16.80092961,-95.04211915
1020,17.5407646,-98.2672984
1021,15.92519302,-96.51889636
1022,16.8927685,-96.76845667
1023,16.57220281,-95.11050738
1024,16.52342353,-96.62202812
1025,17.22640395,-98.22116281
1026,16.5732985,-96.83885492
1027,17.95317389,-97.42848074
1028,17.85423465,-96.84999506
1029,17.05978229,-97.99514264
1030,18.58429976,-96.66283113
1031,18.13983333,-97.81462533
1032,17.00075491,-96.78551277
1033,17.96556366,-96.8386264
1034,16.27104271,-94.199359
1035,16.99353968,-97.55024514
1036,17.99136863,-96.75638531
1037,16.57996118,-96.7308028
1038,18.18583404,-96.87705836
1039,16.46943998,-95.0399529
1040,17.038258,-96.03552584
1041,17.92587517,-98.13243033
1042,17.180319,-96.7990155
1043,17.756177,-98.18918567
1044,17.313409,-96.4981462
1045,16.81051231,-95.39226758
1046,16.92167372,-97.99610706
1047,17.18100967,-96.16454617
1048,17.82531263,-97.7883893
1049,18.08361576,-96.79416848
1050,18.1463973,-96.80317042
1051,17.42158125,-96.37751815
1052,16.44804261,-94.98898098
1053,18.02355591,-95.89074639
1054,17.23713892,-96.82321742
1055,17.29025268,-97.22770108
1056,17.8080975,-97.473035
1057,16.89048725,-96.91844975
1058,16.709455,-96.712365
1059,17.23847777,-97.56064759
1060,16.90306167,-96.56209133
1061,16.40626191,-95.61681091
1062,16.50937417,-95.20126983
1063,17.39095925,-97.226765
1064,17.851757,-98.13498914
1065,16.5462135,-98.24266825
1066,17.1963718,-95.01924423
1067,18.03489676,-96.9217
1068,16.34343977,-96.60902716
1069,17.1511949,-96.1043264
1070,16.39326483,-96.633996
1071,17.296876,-96.433294
1072,17.1767845,-96.832792
1073,16.70932631,-95.767869
1074,17.50593078,-98.03708022
1075,16.5244305,-94.59340611
1076,17.10686179,-96.73015482
1077,16.78066329,-96.67438981
1078,16.6179775,-96.789432
1079,16.40965061,-97.96487578
1080,15.92112723,-96.43090194
1081,16.70153206,-96.68313494
1082,17.02558739,-97.87042139
1083,16.315654,-96.284965
1084,16.4126565,-94.447752
1085,16.65756006,-97.85942656
1086,17.2149678,-96.8162711
1087,17.008284,-96.618646
1088,16.19407188,-95.21677621
1089,16.50528867,-96.79063733
1090,17.60133427,-97.99961173
1091,16.44053307,-97.82686771
1092,17.00715345,-96.70398491
1093,17.18744467,-96.759236
1094,15.97197138,-96.61886179
1095,17.20925727,-97.51361955
1096,17.08667833,-96.67684508
1097,16.86016466,-97.75739456
1098,17.69604217,-97.694339
1099,16.33367525,-97.90878869
1100,17.099524,-96.66904439
1101,17.07119256,-96.83846656
1102,17.5733512,-97.5223232
1103,17.23396442,-97.06679679
1104,16.20859221,-96.52790074
1105,17.48941017,-97.30759833
1106,17.270696,-96.227228
1107,17.94497471,-96.62073861
1108,17.6624375,-98.3885825
1109,17.294003,-96.14876667
1110,16.600149,-96.857736
1111,17.19013311,-96.85819411
1112,16.8152068,-96.6935678
1113,16.81938041,-97.02643906
1114,17.51763443,-97.72663807
1115,17.74463733,-97.4980755
1116,17.0313703,-96.6969018
1117,16.92088756,-97.13607751
1118,18.1405255,-97.1303735
1119,17.1527917,-97.5782868
1120,16.53122425,-98.066582
1121,16.761801,-96.48984
1122,16.01138589,-96.79893753
1123,17.2313216,-96.2192198
1124,16.93155642,-96.71616416
1125,18.0378126,-96.6749536
1126,15.94214625,-96.74648613
1127,16.90210456,-96.50107522
1128,17.2324934,-97.4522374
1129,17.240789,-96.243051
1130,17.5856184,-97.30719113
1131,16.43319325,-95.94409175
1132,16.84275367,-96.90524989
1133,16.34773121,-95.16378139
1134,16.49643579,-95.93585645
1135,16.30787688,-96.38456288
1136,17.289222,-97.5835246
1137,17.3394145,-96.162047
1138,17.72552833,-97.37128856
1139,16.32775343,-94.75133129
1140,16.77004228,-96.36975992
1141,16.7455762,-96.6648236
1142,17.07379222,-97.68951297
1143,18.0791643,-96.52329563
1144,17.09634913,-96.86479442
1145,17.89127952,-96.48862052
1146,16.88026516,-97.34780277
1147,17.1697525,-96.2615035
1148,17.92574229,-96.7500195
1149,17.426636,-97.30779
1150,16.1949967,-94.38086838
1151,18.19944825,-96.93648675
1152,16.31536883,-94.47726728
1153,17.35079567,-97.27660767
1154,17.0278794,-96.5950174
1155,16.373596,-96.37590583
1156,17.374748,-97.338272
1157,16.089477,-96.20384933
1158,16.51735011,-96.94432878
1159,17.37562054,-96.93704488
1160,17.85426571,-97.509486
1161,17.47899829,-98.28297443
1162,16.07031546,-97.0757051
1163,16.28060063,-96.44597425
1164,16.55956346,-96.97103523
1165,17.3624746,-96.1471182
1166,17.100807,-96.762562
1167,16.51910142,-97.37557425
1168,16.18214557,-96.97831552
1169,17.812843,-97.84830967
1170,17.39839862,-97.03994146
1171,16.70879119,-96.58585313
1172,18.15554443,-96.91633029
1173,17.65983933,-98.10101
1174,17.9446965,-97.96661225
1175,17.95314658,-96.15422558
1176,16.2903615,-96.49878583
1177,16.36655357,-98.25384457
1178,18.24356627,-96.64621627
1179,16.4144161,-96.3410893
1180,18.16318541,-96.6717357
1181,17.3426463,-97.5089019
1182,17.43650714,-96.52506414
1183,16.9890648,-96.7147632
1184,17.53718875,-96.830121
1185,17.72771368,-97.272109
1186,17.73675745,-96.9755471
1187,17.21940489,-96.78582311
1188,17.425662,-96.8272125
1189,16.5077118,-98.3417402
1190,17.97536957,-97.66593271
1191,17.87969456,-96.588279
1192,17.595115,-98.32819883
1193,18.04540544,-96.09443626
1194,16.60700759,-98.16652412
1195,17.8486175,-98.264542
1196,18.04643967,-96.75592556
1197,16.46892231,-97.91958746
1198,17.31101217,-95.9434435
1199,17.43816016,-95.3264505
1200,17.29905429,-96.50982429
1201,16.8297515,-96.676305
1202,17.2891556,-96.7951976
1203,16.89155133,-96.16427333
1204,17.274505,-97.382685
1205,17.40658125,-96.53253875
1206,16.954902,-96.53769786
1207,17.07205976,-95.09041168
1208,17.75675436,-98.28648055
1209,16.90763125,-95.89439318
1210,17.33766714,-96.27343971
1211,16.18008947,-97.11210598
1212,16.55194513,-96.53529675
1213,16.493761,-95.905089
1214,17.5320482,-95.80926523
1215,18.05973589,-97.01714744
1216,17.21028265,-95.30924447
1217,17.31659517,-97.86333104
1218,16.277539,-96.299478
1219,17.41624396,-97.7382056
1220,16.0969632,-96.21109327
1221,17.50703,-96.03631983
1222,16.32147537,-97.35933956
1223,17.61396708,-96.58068858
1224,17.44717625,-97.293331
1225,17.303079,-96.212023
1226,17.10290298,-97.12127913
1227,17.0943795,-97.42069225
1228,16.9254302,-96.6107136
1229,17.7586284,-96.7556306
1230,17.58155524,-97.41688806
1231,17.430951,-96.28935633
1232,17.402424,-96.169244
1233,17.5148872,-97.2680342
1234,16.4167135,-97.88834275
1235,16.91139732,-96.25170337
1236,17.13461233,-96.79675748
1237,18.206453,-96.913057
1238,16.5355794,-97.18924993
1239,17.655843,-98.107034
1240,16.937045,-95.698865
1241,18.04191471,-96.38338865
1242,16.9065955,-96.441987
1243,18.12001687,-96.90709813
1244,16.45395083,-96.48638547
1245,16.05020886,-96.39859018
1246,17.732934,-97.89929638
1247,16.65691867,-96.72270133
1248,17.39901309,-97.60692873
1249,17.21181633,-97.85827417
1250,16.610864,-96.849372
1251,17.36187066,-98.24788726
1252,16.8728745,-96.6924675
1253,18.10704815,-97.04094831
1254,17.81647043,-98.07331914
1255,17.1603835,-96.20546
1256,17.31244725,-96.44868825
1257,16.20793336,-95.047006
1258,18.141907,-96.864468
1259,17.4199171,-97.2599744
1260,17.647231,-98.40631467
1261,17.1501875,-97.51839167
1262,15.95700249,-96.33968747
1263,16.127281,-96.51089564
1264,16.98945673,-97.361274
1265,17.80829467,-97.42678433
1266,17.25682567,-96.14974033
1267,17.3073374,-97.488358
1268,17.65823017,-98.33987367
1269,17.40748363,-96.70241856
1270,17.88258533,-98.01420667
1271,17.23219212,-96.45548382
1272,16.16099539,-96.68647729
1273,17.62848197,-97.19499531
1274,16.64335817,-94.47701978
1275,15.94133739,-96.11849899
1276,17.3248295,-96.565915
1277,16.59314917,-96.737785
1278,17.06423735,-97.61578918
1279,17.75230592,-97.15008242
1280,16.76799856,-96.93239069
1281,16.25217788,-97.41129624
1282,16.93583354,-97.00385277
1283,16.99035933,-97.23387856
1284,16.9831375,-95.76117155
1285,17.92837511,-96.79757222
1286,16.53617839,-97.03911274
1287,18.25208356,-96.39724959
1288,16.07855967,-96.46236419
1289,17.36956825,-96.244788
1290,17.3954146,-97.269756
1291,16.23895326,-95.55930152
1292,17.80242,-97.32198186
1293,16.75979175,-96.5595915
1294,16.43086407,-98.0937379
1295,17.44431587,-98.012245
1296,17.75153867,-97.44251592
1297,17.37161333,-96.337022
1298,16.44143333,-96.72851
1299,17.781791,-98.16223925
1300,16.1263625,-96.8163539
1301,16.97682956,-96.88805678
1302,17.16034673,-96.77712613
1303,17.2990321,-96.8798918
1304,16.81769393,-96.79595953
1305,17.52910043,-96.54078257
1306,17.02549662,-97.49178708
1307,16.93282218,-96.33851455
1308,17.146083,-96.229575
1309,16.6695835,-98.0890098
1310,16.742217,-96.731126
1311,16.50688931,-97.97531508
1312,17.168671,-96.260639
1313,17.5170415,-97.1142162
1314,16.4653508,-95.15668387
1315,16.00938394,-96.47427677
1316,15.98838224,-95.74477728
1317,16.23776733,-95.156908
1318,18.15474368,-96.54220705
1319,17.05318266,-96.80337458
1320,17.6869932,-97.0372578
1321,16.46506859,-98.04440145
1322,17.76726175,-97.08251775
1323,16.32685194,-97.104197
1324,16.744365,-96.7135255
1325,16.415227,-96.247539
1326,17.43864964,-97.62157255
1327,15.93286725,-97.08826609
1328,16.214407,-96.21562233
1329,17.10095388,-97.55118763
1330,17.80948725,-97.54703238
1331,18.184936,-96.913153
1332,16.965559,-95.842528
1333,15.78688614,-96.43272497
1334,16.76347005,-96.03863289
1335,17.82307578,-96.64681356
1336,16.30073657,-94.19657409
1337,16.65626075,-96.526926
1338,17.0012515,-97.27426142
1339,17.95812921,-96.66572268
1340,17.337553,-97.37946275
1341,17.4447585,-97.347133
1342,16.66487774,-96.22930637
1343,16.04173133,-97.53339242
1344,17.40969267,-96.364274
1345,17.62372821,-96.48129693
1346,17.02576507,-96.13625556
1347,17.1933875,-96.7929605
1348,17.50060676,-97.48893524
1349,18.08548336,-97.70583632
1350,17.561004,-97.482591
1351,16.98597082,-96.75172312
1352,16.982828,-96.5961185
1353,16.10057667,-96.89166206
1354,16.5194928,-98.1428824
1355,17.51767233,-97.68296767
1356,16.19083807,-96.44151864
1357,17.35562956,-98.08078069
1358,16.95153633,-96.62065622
1359,17.04812114,-96.68087114
1360,16.41655344,-96.71142211
1361,17.83376417,-98.00115275
1362,16.340638,-96.71761
1363,18.23011671,-96.87880771
1364,17.97428573,-96.79797173
1365,16.994827,-96.471675
1366,16.6630665,-95.911065
1367,16.7429474,-96.8556994
1368,17.392881,-96.62427367
1369,16.832299,-96.7264652
1370,16.322201,-96.265858
1371,16.3054794,-96.6437498
1372,17.20671178,-96.58015733
1373,16.15517705,-97.30442798
1374,17.18414587,-96.5017403
1375,16.06377767,-96.71943385
1376,16.32551475,-97.84403175
1377,16.7773488,-96.6255196
1378,16.88742675,-96.7365025
1379,17.3464504,-97.5572413
1380,17.06621983,-97.53444683
1381,17.00820594,-97.66971956
1382,18.055108,-97.588831
1383,18.1596555,-96.882311
1384,17.0587,-96.684017
1385,17.581374,-98.223989
1386,16.76678355,-97.66884023
1387,16.78846265,-96.887051
1388,17.16432511,-97.71671642
1389,16.959489,-96.584911
1390,17.82178133,-98.15273067
1391,16.92028709,-97.48193109
1392,17.37338017,-97.56417
1393,16.34992586,-96.68234586
1394,17.02383245,-96.75453995
1395,16.4979432,-97.48153375
1396,16.7835995,-96.8006615
1397,16.9227081,-96.8586134
1398,16.804371,-96.755109
1399,17.0675065,-96.680956
1400,16.18182638,-96.62036092
1401,16.9492821,-97.71263721
1402,16.728767,-96.66581667
1403,17.04984189,-95.85833244
1404,17.6217742,-97.0856054
1405,18.10537075,-96.81611675
1406,17.20666594,-97.67146664
1407,16.68372808,-96.85850554
1408,17.1000241,-96.78639072
1409,17.8820007,-97.6854356
1410,15.86166462,-96.94067265
1411,16.426074,-98.31936825
1412,16.971228,-96.704045
1413,17.54981136,-97.27609409
1414,17.59261367,-97.63057433
1415,18.27669564,-96.77704382
1416,16.96690403,-94.4093972
1417,17.3520044,-97.6034653
1418,17.03593363,-96.62240844
1419,16.31396733,-95.85329481
1420,16.994824,-96.6117255
1421,16.74659685,-95.367812
1422,15.80086014,-96.21951777
1423,16.22950833,-97.93375221
1424,16.61243792,-98.021236
1425,17.8545045,-97.194165
1426,17.85777962,-96.17906227
1427,16.48642207,-95.4612577
1428,17.3620014,-96.52059
1429,16.70797113,-97.02638625
1430,16.39028356,-95.27653769
1431,17.64425688,-97.33150288
1432,17.408648,-97.5060813
1433,16.10055703,-96.34818151
1434,17.822051,-96.75588133
1435,17.03460906,-97.03006842
1436,16.889596,-95.03884219
1437,16.2898478,-96.0420218
1438,16.57463688,-97.031437
1439,17.1408035,-97.391916
1440,17.9757236,-97.0052466
1441,17.381099,-96.162478
1442,16.1653328,-97.1806916
1443,18.17715328,-96.96657541
1444,16.98114379,-95.98043586
1445,17.70975675,-97.06831675
1446,17.0998392,-96.07183526
1447,17.93542879,-96.73495321
1448,15.7749198,-96.68843969
1449,16.603228,-95.625455
1450,16.38430884,-95.03007276
1451,17.240471,-96.262781
1452,17.233292,-96.429944
1453,16.88191233,-97.48053633
1454,17.1138525,-97.50622617
1455,17.03079858,-97.79901011
1456,16.78225572,-97.99249531
1457,16.65446444,-97.33232011
1458,16.54959921,-96.35680897
1459,16.62775216,-97.53208161
1460,17.658808,-97.13960563
1461,16.80514725,-96.71395725
1462,15.9407914,-95.6796526
1463,17.08312376,-95.9207479
1464,17.92131208,-97.96211933
1465,17.74389175,-97.73248775
1466,17.55076064,-96.17171745
1467,17.62050029,-96.41863314
1468,18.19701352,-97.70709594
1469,17.415466,-95.8425274
1470,17.44884967,-98.09177117
1471,17.81738989,-97.70958674
1472,17.47525978,-97.06422828
1473,17.87514125,-97.448406
1474,16.91612767,-95.5923915
1475,16.55033197,-97.68259753
1476,16.17567021,-97.77661116
1477,17.66885759,-95.96765274
1478,17.22081448,-97.99822907
1479,16.7632472,-95.52667956
1480,17.4172715,-96.2510655
1481,16.62182543,-95.23602
1482,17.224304,-96.305042
1483,16.49364729,-98.27662614
1484,16.82734225,-96.440159
1485,17.9870125,-97.691159
1486,16.43810957,-97.24339379
1487,17.53369982,-96.92592306
1488,17.41976,-97.3740528
1489,17.34401,-97.66989669
1490,17.01008988,-97.75055119
1491,16.27890646,-98.1000579
1492,17.24780308,-96.86836708
1493,17.722077,-98.21278678
1494,16.32717575,-98.48571088
1495,17.6629336,-97.4608822
1496,17.30290474,-96.99591611
1497,17.785834,-97.40000575
1498,16.34941144,-97.689342
1499,18.21456744,-96.97368211
1500,16.70447657,-97.27849123
1501,17.24801454,-97.34337163
1502,17.46491291,-97.31999573
1503,17.02734511,-96.96956056
1504,16.00487794,-96.24786242
1505,17.2748212,-96.424089
1506,16.19398343,-97.24520157
1507,17.54797756,-95.42348746
1508,17.46559525,-97.57103025
1509,16.85274607,-97.5532813
1510,17.614851,-98.20424367
1511,17.190514,-95.88388774
1512,17.220566,-96.242139
1513,17.2840515,-96.6215725
1514,16.57526525,-94.73268767
1515,17.0700252,-96.1950244
1516,16.3260092,-98.3643884
1517,16.59584438,-95.16833846
1518,15.83436939,-96.64500944
1519,16.9099361,-97.5303177
1520,17.17249984,-97.06532516
1521,16.16812767,-96.32737867
1522,16.87811925,-95.20986019
1523,17.334911,-96.08950933
1524,16.25355231,-95.31359695
1525,16.57854918,-97.27869335
1526,16.93498464,-96.06557879
1527,17.40580567,-97.34743967
1528,17.0506135,-96.62079917
1529,17.6838912,-98.0101829
1530,17.60462138,-97.35542813
1531,17.15312067,-96.25905667
1532,17.5328381,-97.3533095
1533,17.616886,-97.683022
1534,16.47324394,-94.35161544
1535,16.09352769,-97.19245129
1536,17.79713067,-96.874185
1537,17.43853263,-97.93418116
1538,17.7754594,-98.0009872
1539,16.85593733,-96.65668783
1540,17.173527,-96.871533
1541,17.12388419,-97.7735775
1542,16.23785613,-96.56705325
1543,16.37836333,-96.8455605
1544,16.6823186,-97.0175163
1545,17.441132,-97.44314667
1546,17.53148608,-98.13269454
1547,16.3701424,-96.5434194
1548,17.16397229,-96.820993
1549,17.69263946,-97.57704683
1550,17.38592467,-96.29853767
1551,16.566964,-96.753581
1552,16.32478791,-97.56102018
1553,17.32192618,-96.64649545
1554,18.14253171,-97.06054865
1555,17.0216105,-96.5369195
1556,17.73983818,-97.543279
1557,17.97325073,-97.34307377
1558,17.59246721,-97.84704258
1559,17.0022215,-96.54767125
1560,16.95542174,-96.47121081
1561,17.84768133,-97.44482583
1562,17.06846656,-96.64619511
1563,17.24690344,-96.00950761
1564,16.926862,-96.7737974
1565,17.7709802,-97.5017774
1566,16.49050214,-94.84299272
1567,17.781555,-96.97873167
1568,17.79427201,-96.32276976
1569,17.05742383,-96.41275
1570,16.7311915,-96.474945
1571,17.37647233,-97.36944333
1572,16.4512276,-96.792667
1573,17.0543495,-97.297157
1574,16.93131626,-96.72192948
1575,16.779912,-97.41105812
1576,17.74852913,-98.39307044
1577,17.87329433,-97.81715767
1578,17.26936414,-97.15110131
1579,16.79829474,-97.03065992
1580,19.10266454,-97.9471707
1581,20.11243358,-97.22766536
1582,18.16061961,-98.11018647
1583,19.00949228,-97.7679126
1584,18.76697225,-98.709811
1585,20.00771087,-97.86339471
1586,18.57886642,-98.277605
1587,20.05442491,-98.14430604
1588,18.23152321,-98.20303464
1589,18.42572001,-97.11967083
1590,18.0125508,-98.5544428
1591,19.0951596,-97.5051954
1592,18.37200146,-97.30374492
1593,20.05785556,-97.80155344
1594,19.05115805,-98.04675982
1595,19.77984229,-97.93533975
1596,19.82405483,-97.441811
1597,18.3615937,-97.68672917
1598,18.90188928,-98.42965658
1599,18.8144852,-97.90770585
1600,18.54626129,-98.55038
1601,18.82487845,-98.6026761
1602,18.91539405,-97.30308295
1603,18.189741,-98.38128207
1604,20.07897714,-97.40934055
1605,19.10424481,-98.46214943
1606,18.16544849,-97.51371804
1607,20.03994425,-97.75187238
1608,20.07501725,-97.6108725
1609,20.060399,-97.73067767
1610,18.596399,-98.16750858
1611,18.2520855,-98.7721905
1612,18.7940475,-98.71139538
1613,19.13131477,-98.29143086
1614,18.2697237,-97.13277044
1615,18.27122572,-96.98571757
1616,18.4189458,-97.83007
1617,18.91772681,-97.82254444
1618,19.91567688,-97.79102247
1619,18.94871635,-98.05346376
1620,19.11407109,-98.26562048
1621,18.44389243,-98.1920053
1622,20.03932566,-97.49330689
1623,19.60456073,-97.59160398
1624,18.97085031,-97.43372946
1625,18.62797838,-97.40685838
1626,18.28784737,-98.6023899
1627,19.19938455,-98.48848645
1628,20.08978629,-97.97055908
1629,19.20633434,-97.07129013
1630,18.50393302,-98.62546025
1631,18.650068,-98.050785
1632,19.82663599,-98.1269072
1633,19.79146057,-97.40365157
1634,17.96727706,-97.87487853
1635,18.11493944,-98.46601167
1636,20.25431958,-98.230517
1637,19.26905536,-97.19880644
1638,18.2343715,-98.27636507
1639,19.13246477,-98.44029931
1640,18.50920363,-96.92332513
1641,18.62065406,-98.37906882
1642,18.86467833,-97.37233895
1643,20.72607465,-97.81885258
1644,19.00830165,-97.68406209
1645,18.06534646,-98.14681343
1646,19.3249373,-97.37138827
1647,20.11145515,-97.73449738
1648,18.7806943,-98.50112358
1649,18.69208396,-98.03770019
1650,20.17640128,-98.04697092
1651,20.10345814,-97.62533886
1652,18.3822265,-98.71162966
1653,19.17578713,-98.41504976
1654,19.9145267,-97.41278774
1655,20.0319155,-97.31011491
1656,20.04300622,-97.6750363
1657,19.94358046,-97.70435519
1658,18.79602167,-97.88337278
1659,20.01525867,-97.63056167
1660,18.01136171,-98.70721718
1661,18.47279868,-97.84417258
1662,19.61503161,-97.87309289
1663,20.03922136,-97.64273909
1664,18.54745994,-98.45657816
1665,20.44397882,-97.85700152
1666,18.32737782,-98.90080247
1667,20.08018521,-97.51410716
1668,20.21922,-97.78503367
1669,19.12113936,-98.34092129
1670,20.21988933,-97.99019183
1671,18.52397444,-97.74869225
1672,19.30676252,-97.29721122
1673,19.47375298,-97.66752803
1674,18.760371,-98.1013225
1675,19.12765404,-97.68006826
1676,18.91024967,-97.89732833
1677,18.70690518,-97.89467218
1678,18.75262066,-97.40368254
1679,20.23251169,-98.10640938
1680,19.9655563,-97.5901504
1681,19.06055233,-98.45384967
1682,18.6197841,-97.33251714
1683,19.20092436,-97.82393225
1684,19.55021212,-97.65607582
1685,18.9544738,-98.31677243
1686,20.11875756,-97.66753434
1687,19.34796718,-97.58780875
1688,20.29092451,-98.14505274
1689,18.83917074,-97.53424123
1690,20.55118571,-97.87530303
1691,18.06863818,-97.92142382
1692,18.10693648,-98.28721255
1693,19.01134787,-98.15899495
1694,18.94114903,-97.65592772
1695,19.25562925,-97.11067714
1696,19.2440575,-97.8170325
1697,18.96467729,-97.82573871
1698,19.02448624,-98.30537541
1699,18.49189136,-97.27770818
1700,18.7922838,-98.315971
1701,19.23319067,-98.51438442
1702,20.11116754,-97.78961554
1703,18.32466533,-97.35133933
1704,19.00945217,-98.34911683
1705,19.02733269,-98.39362108
1706,18.20521948,-97.91936952
1707,19.25350741,-97.73656329
1708,18.26780636,-97.26766045
1709,19.04967564,-97.54724009
1710,18.74153675,-98.01030925
1711,19.26901916,-98.42814698
1712,18.64893633,-98.35067067
1713,19.33787478,-98.51214162
1714,18.01029943,-97.76283314
1715,19.17330725,-98.303567
1716,19.2237599,-97.52034792
1717,19.08448867,-98.5242765
1718,18.14147209,-98.12659514
1719,19.0740335,-98.36034475
1720,18.07896775,-98.065544
1721,19.17123463,-97.61880283
1722,19.27293949,-98.51070638
1723,18.92281478,-97.7729325
1724,18.36690353,-96.83247997
1725,18.614263,-98.0799
1726,18.39587144,-98.06538573
1727,18.97379538,-98.3811615
1728,18.54220485,-97.4352595
1729,18.74496006,-98.15677417
1730,18.89232322,-97.86636244
1731,19.13711167,-97.7414185
1732,18.8903568,-97.96109402
1733,18.86109035,-97.74651094
1734,18.07009804,-98.30693507
1735,18.43183773,-97.46464347
1736,18.36151397,-98.30765547
1737,20.18589926,-97.40302769
1738,18.75492418,-98.26690209
1739,18.4675705,-98.81063578
1740,18.5394091,-97.53453797
1741,20.000948,-97.783884
1742,19.13560314,-97.99787924
1743,18.98467942,-97.88324268
1744,18.74443125,-98.62521325
1745,18.71739695,-98.4424189
1746,19.95190938,-97.84767375
1747,18.63304733,-98.66928758
1748,18.52996422,-97.92948957
1749,19.46000968,-97.46268661
1750,18.81054111,-97.86770667
1751,19.82782353,-97.77538067
1752,19.85411467,-97.45001733
1753,19.85384291,-97.35819803
1754,18.97065675,-98.4525133
1755,18.6073192,-98.54358613
1756,18.66117384,-97.63449353
1757,20.37853971,-97.98795786
1758,19.13583534,-97.4005513
1759,19.36528651,-98.57240671
1760,19.159787,-98.340862
1761,18.85419086,-97.884986
1762,20.16689365,-97.92195526
1763,20.13503844,-97.83390867
1764,18.69250011,-98.52257582
1765,19.86498214,-97.4884186
1766,20.39810128,-98.05242824
1767,18.88800617,-98.59549354
1768,18.83866598,-97.8214532
1769,18.241244,-97.8466742
1770,17.99841212,-98.40851258
1771,20.10200889,-97.53361095
1772,18.8617692,-98.06938053
1773,20.50433814,-97.67237912
1774,18.51962366,-97.1761386
1775,18.23876078,-97.97876422
1776,20.31810148,-97.90893777
1777,18.08221367,-98.6146445
1778,19.75815193,-97.34271727
1779,19.83422462,-97.65080323
1780,18.65658,-98.35260657
1781,19.9498925,-97.64383565
1782,18.68106807,-97.77751814
1783,19.89919738,-97.45407175
1784,18.76169879,-97.68364648
1785,18.57926251,-98.04596198
1786,19.8565133,-97.58072878
1787,19.95327815,-97.98874238
1788,18.28074206,-97.5093622
1789,20.002176,-97.6908635
1790,19.76051555,-97.56112236
1791,19.72019774,-97.65953426
1792,20.28786448,-97.81920544
1793,18.32722177,-97.23489377
1794,19.9784566,-97.7397552
1795,20.01579445,-97.5834715
1796,18.37653126,-96.98376465
1797,20.15456838,-100.1051798
1798,21.15856161,-99.58803526
1799,21.41763082,-99.64094327
1800,20.78311013,-99.65307802
1801,20.7244287,-100.0839355
1802,20.49697227,-100.4366209
1803,20.66119268,-99.89204953
1804,20.4316701,-100.3247573
1805,21.29768583,-99.38667983
1806,21.23688533,-99.1676529
1807,20.65473419,-100.2781777
1808,20.49965781,-100.1618693
1809,21.09774283,-99.83347725
1810,20.74548393,-100.4566725
1811,20.96765324,-99.51729047
1812,20.38471471,-100.0044409
1813,20.56720873,-99.94351072
1814,20.91615545,-99.95146718
1815,20.44964967,-86.93048112
1816,19.63304716,-88.11602551
1817,21.27544914,-86.93194323
1818,18.5329867,-88.3606868
1819,21.09374238,-86.99374595
1820,19.76290072,-88.77009949
1821,21.00291067,-87.42031583
1822,20.63698352,-87.15831416
1823,20.25331587,-87.50869823
1824,18.88499952,-88.42381311
1825,20.96865219,-87.09202303
1826,22.46155234,-101.228334
1827,22.08847468,-99.55629332
1828,21.69684996,-99.09734934
1829,22.23421016,-100.6441245
1830,21.99589004,-99.65297921
1831,23.64368851,-101.0062273
1832,23.86421864,-100.6822538
1833,22.44581868,-100.2925957
1834,22.17423152,-100.8297321
1835,22.43555884,-99.66425241
1836,21.97387513,-100.1323915
1837,21.59737847,-98.94582033
1838,22.03437217,-99.05864408
1839,21.52228393,-98.9108519
1840,23.19595415,-101.1336446
1841,22.2140076,-98.47832201
1842,22.84481655,-100.3476099
1843,21.52010608,-98.98221521
1844,21.61151777,-99.59454194
1845,23.58045411,-100.6209224
1846,22.2854611,-101.1238745
1847,22.69255876,-101.0797066
1848,21.84008769,-99.60754082
1849,21.90500239,-100.0357079
1850,22.70714379,-101.6826559
1851,21.61744376,-98.8719999
1852,21.59862606,-99.89163428
1853,22.3429065,-100.9600987
1854,21.40156856,-98.62061228
1855,22.15755548,-100.4969283
1856,21.57747546,-99.42510579
1857,21.77042185,-100.5728652
1858,23.34949923,-101.6749416
1859,21.78658045,-98.58911898
1860,22.21189411,-100.8870492
1861,21.8921467,-99.35724931
1862,21.24168143,-98.78706756
1863,21.41440079,-98.73795698
1864,21.55722641,-98.78018975
1865,22.07422536,-98.72593425
1866,21.70633189,-98.86209918
1867,21.59089037,-98.65528727
1868,21.66090824,-100.5015033
1869,24.02578802,-100.9529974
1870,22.93595569,-101.1148571
1871,21.95058104,-101.3365193
1872,23.26995025,-100.6889913
1873,23.66908307,-100.7250019
1874,22.93140078,-101.9756708
1875,21.84027794,-100.9485148
1876,22.53514225,-100.6700864
1877,22.2825077,-100.2197057
1878,21.43873549,-98.87012497
1879,21.37769149,-98.99971075
1880,22.0280401,-100.6879048
1881,22.66554392,-100.8549983
1882,21.33385967,-98.82933478
1883,22.48395204,-99.3504132
1884,25.89288103,-109.0697548
1885,25.29325559,-108.1260909
1886,25.64604107,-107.3922462
1887,23.36486046,-106.0081604
1888,24.47307926,-106.7827983
1889,24.70160537,-107.3534476
1890,26.63494002,-108.2290397
1891,24.02725756,-106.8504556
1892,22.72277342,-105.7237198
1893,26.19173165,-108.7550212
1894,25.57891866,-108.5124707
1895,23.3595085,-106.3444096
1896,25.31844165,-107.7749843
1897,23.01600568,-105.8646808
1898,25.43175584,-108.0769146
1899,23.92550119,-106.4382801
1900,25.94282269,-108.0844341
1901,24.73330165,-107.6902611
1902,29.7941748,-110.2206184
1903,31.19220931,-109.3988315
1904,27.08188425,-108.9033108
1905,30.95110046,-111.9114271
1906,28.86985441,-109.0737786
1907,30.39552202,-110.1694056
1908,30.83006683,-111.5649804
1909,29.8541894,-109.0954878
1910,28.85238747,-109.3660037
1911,30.29861346,-108.8199923
1912,30.65380998,-109.979005
1913,27.51305766,-110.1110119
1914,30.04539047,-110.2428878
1915,29.62234131,-110.1430196
1916,30.5681928,-108.966458
1917,30.19246026,-111.1941332
1918,30.78362275,-112.4896497
1919,27.5138713,-109.9297849
1920,30.97382834,-110.2580897
1921,29.71856346,-111.0065426
1922,28.75026147,-110.3933781
1923,30.3951593,-110.6756451
1924,30.05763279,-109.791024
1925,29.6169934,-109.394657
1926,28.01170118,-110.6741638
1927,27.01370884,-109.6574878
1928,30.82287999,-109.6045589
1929,29.78587002,-109.3144865
1930,28.05710797,-110.7162927
1931,28.98954737,-111.208946
1932,30.14230296,-108.9287355
1933,29.9601155,-109.373956
1934,26.72442912,-109.4918673
1935,29.93823411,-110.310877
1936,30.8212716,-110.7968093
1937,30.67551883,-111.0141115
1938,28.98181492,-110.1524572
1939,29.76132236,-109.6760269
1940,31.2522802,-109.9847561
1941,29.67592,-108.8242927
1942,30.41569569,-109.6224485
1943,27.08618413,-109.4797384
1944,31.198467,-110.9622059
1945,28.45041293,-109.4667349
1946,30.05074432,-110.7646088
1947,30.75556564,-111.7101473
1948,30.24563584,-111.9649989
1949,31.40812805,-113.286689
1950,27.58010545,-109.3962376
1951,29.75681014,-110.5621175
1952,28.0199287,-109.3092734
1953,28.93267015,-108.960594
1954,29.86389236,-110.3273813
1955,28.59493706,-109.763522
1956,32.31407091,-114.8566155
1957,29.44360817,-110.8194498
1958,29.28660631,-109.7255824
1959,30.51851611,-111.1247407
1960,31.2077101,-110.5788616
1961,31.21978686,-111.4233072
1962,28.79619662,-109.6441321
1963,28.38930924,-109.8900546
1964,29.47454549,-109.5030388
1965,30.38779213,-111.5107284
1966,30.85825066,-111.4220531
1967,29.32725184,-110.3480538
1968,30.2295585,-109.3320906
1969,29.04822966,-110.0040844
1970,28.4013299,-108.9552558
1971,31.75697781,-112.7227603
1972,27.11716704,-109.8403967
1973,27.38668577,-110.2604063
1974,17.82654749,-91.37807753
1975,18.13670444,-93.55809251
1976,18.43899733,-92.69377243
1977,17.98632679,-92.88639101
1978,18.2648736,-93.30511235
1979,18.08156784,-93.23151246
1980,17.73679947,-91.70513442
1981,17.80980676,-93.65986918
1982,17.78218355,-92.77535217
1983,18.1929314,-93.09347131
1984,18.05392274,-92.1225715
1985,17.813778,-92.47087682
1986,18.13928389,-92.96202516
1987,18.37619894,-93.20042173
1988,17.50393759,-92.75122413
1989,17.60290619,-92.95189221
1990,17.43263267,-91.30826321
1991,24.11167279,-98.30442297
1992,23.00082218,-98.02632446
1993,22.52357305,-98.06569498
1994,22.59583941,-99.1009514
1995,24.9486118,-98.80517375
1996,23.33010838,-99.90622775
1997,26.22909385,-98.85121546
1998,23.58188348,-98.66685134
1999,22.246279,-97.837
2000,24.64209917,-98.40037962
2001,22.96093715,-99.07633932
2002,22.75680938,-98.53528403
2003,23.90553517,-99.07205395
2004,26.9111151,-99.46010159
2005,26.16175063,-98.6393859
2006,24.21616283,-99.35521577
2007,23.45049624,-99.39999991
2008,24.26147253,-98.49740825
2009,23.26846199,-98.9207682
2010,24.58177271,-99.56629879
2011,22.67601744,-98.94049195
2012,25.73110154,-97.60087363
2013,25.23849255,-98.44272457
2014,26.42970533,-99.23301237
2015,26.26996412,-99.05752486
2016,23.60471854,-99.77404004
2017,27.45752961,-99.62707843
2018,22.50338388,-99.20322998
2019,22.83545477,-99.28461275
2020,24.05891346,-98.90527363
2021,23.23776062,-99.55407176
2022,25.93484317,-98.34626599
2023,25.8443884,-98.0377719
2024,24.40034974,-98.99099032
2025,24.91805508,-98.0338114
2026,24.64600014,-98.8027711
2027,23.72637147,-98.03302678
2028,22.28992771,-97.93513843
2029,22.96790469,-99.7096794
2030,25.69499682,-97.83581224
2031,23.76522059,-99.13768862
2032,24.52211926,-99.41922601
2033,23.01029685,-98.98337699
2034,19.37118675,-98.2064175
2035,19.34441917,-98.19286883
2036,19.54749869,-98.18118036
2037,19.40859386,-97.80688239
2038,19.43702338,-98.13793971
2039,19.57258446,-98.56796627
2040,19.33311257,-97.68231029
2041,19.33591497,-97.76411021
2042,19.350532,-98.08707025
2043,19.28955685,-98.1482944
2044,19.49848574,-98.21598657
2045,19.44048973,-98.44311322
2046,19.34139317,-97.9118244
2047,19.49448279,-98.34490895
2048,19.35313913,-98.4003879
2049,19.25247636,-97.92526673
2050,19.1899398,-98.1741506
2051,19.31733411,-98.12462389
2052,19.28095129,-98.38066486
2053,19.49569082,-98.49055397
2054,19.50623759,-98.53481504
2055,19.2200595,-98.1943265
2056,19.23003544,-98.33292306
2057,19.34397452,-98.28322562
2058,19.1545715,-98.13625367
2059,19.338232,-98.126403
2060,19.14916625,-98.18948775
2061,19.21942314,-98.1290959
2062,19.25523677,-98.23501792
2063,19.48339954,-97.91943238
2064,19.48859338,-98.08323013
2065,19.24169241,-98.28979359
2066,19.32278606,-98.23076038
2067,19.61296292,-98.15896279
2068,19.3886725,-98.01912875
2069,19.3288263,-98.243937
2070,19.20096345,-97.91354164
2071,19.37838556,-98.07893081
2072,19.420225,-98.011294
2073,19.44731725,-98.21523322
2074,19.177089,-98.18172211
2075,19.175034,-98.233722
2076,19.40049157,-98.17655086
2077,19.18370922,-98.26454656
2078,19.59041138,-98.4265215
2079,19.5625219,-97.92975362
2080,19.53678527,-97.98761327
2081,19.277355,-98.194962
2082,19.28217675,-98.29712525
2083,19.27427957,-98.076967
2084,19.246354,-98.2654175
2085,19.32707567,-98.05623727
2086,19.231198,-98.257949
2087,19.221255,-98.2525985
2088,19.48793975,-98.25548738
2089,19.2917875,-98.3383755
2090,19.24352575,-98.31276525
2091,19.190114,-98.215493
2092,19.212227,-98.2028166
2093,19.268064,-98.213558
2094,19.56678353,-97.03398347
2095,19.69423118,-96.84231782
2096,18.02146367,-95.00291253
2097,19.5327248,-96.51607794
2098,18.52905979,-95.78730442
2099,18.72333568,-97.2768681
2100,19.00822447,-96.56800188
2101,19.10177313,-97.12153097
2102,19.74587414,-96.56034202
2103,19.77469683,-97.1391373
2104,18.86128346,-95.87896363
2105,18.43433106,-95.6851429
2106,21.31213945,-97.69247773
2107,18.85806751,-96.88138334
2108,18.60770614,-95.3962824
2109,19.31410894,-96.31613091
2110,19.3339317,-96.64793143
2111,18.789769,-97.3247525
2112,18.56559469,-97.10350054
2113,18.68251018,-97.11686682
2114,18.93284402,-96.80239672
2115,18.93518495,-97.074928
2116,19.90742241,-97.10657128
2117,19.28698133,-96.88982546
2118,19.38739488,-97.15010214
2119,19.5829537,-96.93967778
2120,20.82062338,-98.19607252
2121,19.09974275,-96.12328025
2122,19.13634585,-97.14172454
2123,18.78236829,-97.160618
2124,18.81250325,-96.58259258
2125,18.45304815,-95.04803327
2126,20.70905753,-97.28876327
2127,21.17824901,-97.76877743
2128,21.34349949,-97.89092236
2129,19.67457161,-96.94878948
2130,20.27789885,-97.70001069
2131,19.45269661,-96.94011027
2132,18.12658557,-94.3698589
2133,20.45037887,-97.51134518
2134,18.7739438,-96.9237
2135,19.93253669,-96.70226146
2136,19.13924989,-96.71407714
2137,18.92087857,-96.94685252
2138,18.30029448,-95.9606429
2139,19.32945674,-96.97799594
2140,19.06349878,-97.07279164
2141,17.98880488,-94.60994352
2142,18.85653534,-96.36373378
2143,20.20936472,-97.55276514
2144,20.33514414,-97.65630898
2145,18.76321996,-96.81235235
2146,18.7803546,-96.66637623
2147,18.2315075,-95.80884802
2148,21.2084478,-98.37489836
2149,21.24438721,-98.45518137
2150,19.75252281,-96.7766742
2151,20.97722698,-98.06297784
2152,18.0577878,-94.70698632
2153,21.3717531,-97.67253735
2154,17.68071032,-94.00540586
2155,18.99785643,-97.04344371
2156,21.39239035,-97.97950793
2157,20.21992771,-97.585659
2158,19.46260212,-96.77790773
2159,20.26994578,-97.48615118
2160,20.2107621,-97.688157
2161,18.90650977,-96.98952372
2162,20.44393975,-97.10427615
2163,17.60307751,-94.61283867
2164,19.13953685,-96.95123593
2165,20.53791461,-98.45258675
2166,18.16580044,-95.14905625
2167,18.8262095,-97.13191967
2168,18.66261545,-95.9711184
2169,20.77445321,-98.42226779
2170,18.06396606,-95.55308506
2171,21.24040257,-98.02015982
2172,19.35641862,-97.08084044
2173,19.04189329,-96.92710471
2174,18.88954505,-97.13809525
2175,18.0126118,-94.37804133
2176,20.73060668,-98.0149047
2177,18.45403945,-95.88344365
2178,18.85900014,-97.03011543
2179,19.77266133,-97.28605262
2180,19.54388956,-96.87838881
2181,19.34252275,-96.76207963
2182,17.90984865,-94.72708981
2183,19.00785333,-96.25701691
2184,17.44276271,-94.97115945
2185,19.4374722,-97.03340125
2186,19.60881165,-96.92036395
2187,17.99998592,-95.37800219
2188,19.81560692,-96.67216642
2189,19.73871767,-96.84980167
2190,18.63917167,-95.50774121
2191,18.76039314,-97.04411771
2192,18.83669906,-97.27403786
2193,19.10107879,-96.34069591
2194,18.93212961,-97.16842008
2195,20.11790309,-97.04639947
2196,20.215388,-97.65928233
2197,18.33084123,-94.81760796
2198,19.00473817,-96.15884495
2199,19.73777715,-96.87982777
2200,19.70400008,-97.14732517
2201,17.77811839,-94.40866024
2202,19.97890319,-96.89103392
2203,18.59063998,-96.97650568
2204,17.97568163,-94.27842694
2205,19.63750375,-96.85455163
2206,18.79825433,-96.959441
2207,20.11955203,-96.78950921
2208,18.82589031,-97.19870966
2209,17.91702638,-94.89248465
2210,18.72025737,-96.73737046
2211,18.85604167,-97.109539
2212,18.16252661,-96.03603895
2213,17.999503,-94.666589
2214,21.679972,-97.90969393
2215,18.16514967,-94.65993213
2216,22.05608232,-98.26040009
2217,20.4372249,-97.30759879
2218,18.95134512,-96.6822952
2219,19.26217667,-96.41151326
2220,18.97697576,-97.16621122
2221,19.54397452,-97.25945866
2222,21.29116433,-98.37538447
2223,17.7795488,-95.65018756
2224,20.52631023,-97.42041628
2225,19.63345385,-97.0898526
2226,22.16159749,-97.90974445
2227,19.31493592,-96.54775131
2228,18.80245368,-97.09719332
2229,19.59238368,-96.98415223
2230,18.67388133,-97.03797076
2231,18.8398988,-97.1625144
2232,18.56960484,-95.51648468
2233,18.7721567,-97.0858211
2234,18.45215605,-95.21741774
2235,17.76793392,-95.14987175
2236,18.41972198,-95.3760146
2237,17.79126482,-94.9648482
2238,17.99186068,-94.84324768
2239,19.1710105,-96.9196613
2240,18.7209247,-97.17134981
2241,19.03891286,-96.44023831
2242,18.25540334,-94.92774492
2243,21.50456717,-97.69150923
2244,21.29101291,-97.50027202
2245,21.998241,-97.82450323
2246,21.25361815,-97.75436754
2247,21.43143549,-97.74431492
2248,21.39313132,-98.18439789
2249,19.71043917,-97.08808702
2250,20.74239112,-97.66193914
2251,20.38806383,-97.02558858
2252,18.52404354,-97.05755226
2253,20.98845552,-97.70814971
2254,21.56581184,-98.37889438
2255,19.24976321,-96.86362268
2256,19.81172296,-96.93285446
2257,19.37937891,-96.97688182
2258,19.04828908,-96.84643731
2259,19.67192627,-96.77404833
2260,21.14537788,-97.85573165
2261,18.74063542,-97.02284477
2262,18.09377007,-95.71604702
2263,20.6253954,-98.30934605
2264,18.62232245,-97.02443785
2265,17.82046084,-94.80028048
2266,18.57268116,-96.76940714
2267,18.54568092,-96.29940103
2268,20.65639068,-97.52664398
2269,18.19766221,-95.94746336
2270,19.69139646,-97.00745385
2271,18.54607934,-95.63204735
2272,19.18363782,-96.81012859
2273,20.60874668,-98.1895446
2274,18.75225442,-96.17589208
2275,19.53972287,-96.97381013
2276,20.01922344,-97.17192603
2277,18.60880043,-97.11037663
2278,18.79724671,-97.08766986
2279,19.01898136,-96.99389627
2280,19.71204922,-96.92003422
2281,19.22824817,-96.90643991
2282,20.94480316,-97.4280212
2283,18.197735,-95.89228563
2284,19.44115307,-96.384861
2285,19.97989823,-96.63358268
2286,19.1737115,-96.2322337
2287,19.65117655,-97.20986182
2288,18.63203989,-97.16099022
2289,18.81782558,-96.79791582
2290,19.85224106,-96.77858601
2291,20.4960713,-98.3412102
2292,17.94859126,-94.64364317
2293,19.07348117,-96.75542188
2294,18.65207644,-96.93278927
2295,20.74228193,-98.3011162
2296,20.14021043,-97.56027333
2297,18.09506173,-94.16546318
2298,21.7418206,-98.40792089
2299,18.06014315,-94.38769754
2300,18.30570336,-96.17017709
2301,18.33383022,-95.71941348
2302,18.34988736,-94.77834963
2303,17.27855894,-94.42164774
2304,20.21075774,-96.91609067
2305,17.61622066,-95.65097129
2306,20.66503231,-89.66085956
2307,20.84265512,-89.45443714
2308,20.26462482,-89.34922918
2309,21.11466549,-89.40180737
2310,21.00463908,-89.17315308
2311,21.22541993,-88.66497607
2312,20.99044164,-89.23771355
2313,21.02463111,-88.12889101
2314,21.16555237,-89.08628176
2315,20.43356156,-89.07215581
2316,20.92316168,-90.28784421
2317,21.06579366,-88.58407354
2318,21.08123915,-89.51573345
2319,20.6296345,-88.342795
2320,20.73454544,-89.32590081
2321,20.19638838,-89.00450008
2322,20.54488486,-88.54195724
2323,20.48360944,-89.48043128
2324,20.72865086,-87.87929602
2325,21.14290631,-89.51124136
2326,20.48015535,-88.18548015
2327,20.27548694,-88.54599271
2328,20.75119012,-89.83935147
2329,20.45457233,-89.294765
2330,20.39104582,-89.46479032
2331,21.246024,-89.33174052
2332,21.28928346,-89.02857986
2333,21.39279876,-88.76094483
2334,21.33631701,-88.71993777
2335,20.82411652,-88.53020695
2336,21.0991803,-88.8570142
2337,21.04081352,-88.36317337
2338,20.50543644,-90.11146048
2339,20.80982724,-89.23896168
2340,20.876113,-89.19544956
2341,20.70231246,-89.2540378
2342,20.7048919,-89.1527361
2343,21.03933967,-89.88436323
2344,21.18171703,-89.47539359
2345,20.93154096,-88.9966749
2346,20.91902646,-89.52831693
2347,20.78184842,-88.99644388
2348,20.61998863,-88.42280789
2349,20.8866386,-90.00382316
2350,20.64106695,-89.90966677
2351,20.49039604,-89.37343621
2352,20.37008276,-89.37501704
2353,20.62396904,-90.0417523
2354,20.49133292,-89.19630368
2355,20.97909212,-89.62770271
2356,21.11154744,-89.45420476
2357,21.12099389,-89.2847363
2358,20.47824603,-89.72540703
2359,21.0436165,-89.32823042
2360,20.55707041,-89.87932276
2361,20.23556521,-89.45319258
2362,21.34471116,-88.29237425
2363,20.06361641,-88.84746116
2364,21.2375377,-89.61204974
2365,20.84455156,-88.65189233
2366,21.50051184,-88.12356659
2367,20.50878991,-89.61710597
2368,20.86592802,-89.91078944
2369,20.77119133,-89.21015558
2370,21.46109809,-88.26643249
2371,20.31329448,-89.70609384
2372,20.85254415,-89.37410079
2373,21.28321528,-89.20045041
2374,20.59651194,-89.00910011
2375,21.2112214,-88.37939832
2376,20.82758267,-88.91798282
2377,21.10829869,-89.15181231
2378,20.23563161,-88.90979603
2379,20.88151516,-89.28555866
2380,20.39120203,-89.24322388
2381,20.69369151,-89.46015733
2382,21.01612491,-88.86153158
2383,21.0056647,-89.10546509
2384,20.05325582,-89.26394492
2385,20.55448443,-89.28589911
2386,20.53298606,-88.34055679
2387,21.19740724,-89.26753973
2388,21.31346133,-89.27264579
2389,21.15980751,-88.90308921
2390,20.86262891,-88.12415609
2391,21.05883829,-89.02316094
2392,20.96979696,-89.95253446
2393,21.0643858,-89.0700722
2394,20.38109416,-89.5259253
2395,20.83479397,-89.53043022
2396,20.70559763,-88.50599884
2397,20.43931794,-88.30519898
2398,20.98385228,-89.38324598
2399,20.27006118,-89.07915424
2400,20.97007954,-89.46891774
2401,21.23118474,-87.96613881
2402,20.89001969,-88.75334114
2403,19.97121006,-89.03265093
2404,20.74614741,-88.34826186
2405,21.0264663,-89.7437263
2406,20.86242462,-89.75311933
2407,20.69088199,-88.13166244
2408,20.82229486,-89.1607559
2409,20.46054569,-88.78389037
2410,21.05778721,-89.43674197
2411,21.28696864,-89.1208028
2412,21.46954931,-103.0621214
2413,21.46986592,-102.6933311
2414,21.77734621,-103.446813
2415,21.51256046,-103.5684269
2416,22.9826456,-102.6898135
2417,23.58546994,-102.7286109
2418,24.53475493,-101.3142095
2419,22.48617577,-102.3454456
2420,23.44298561,-103.8974522
2421,23.22128178,-102.9735621
2422,21.21959635,-103.5001116
2423,22.50625753,-102.5192677
2424,23.01590585,-102.766284
2425,24.09614911,-102.9391485
2426,21.99983464,-103.0531428
2427,22.65363697,-102.0984047
2428,22.72938816,-102.4638779
2429,21.75117161,-102.8943521
2430,21.63814111,-102.9744766
2431,22.69531181,-103.0012886
2432,23.16769086,-103.8558086
2433,24.27327096,-103.3359626
2434,21.386457,-103.107478
2435,22.27570095,-101.941759
2436,22.4405636,-102.2508534
2437,24.43470971,-101.9076971
2438,24.81682173,-101.7772365
2439,21.20957486,-103.3514948
2440,24.12206086,-103.453973
2441,21.93369253,-103.2958675
2442,22.38914322,-103.495059
2443,22.86068879,-102.6470389
2444,21.18675285,-103.1628323
2445,21.44365214,-102.8483652
2446,22.38137885,-101.8917785
2447,22.57792288,-102.2439194
2448,23.01467024,-102.429817
2449,22.26823128,-101.5381669
2450,23.81255646,-103.0667728
2451,23.59041807,-103.2658394
2452,24.47643079,-100.9076794
2453,23.64071629,-103.6160484
2454,22.6129095,-103.1451169
2455,21.90980966,-102.9348596
2456,21.62991155,-103.3449741
2457,22.45134238,-103.1371768
2458,21.38250232,-103.442101
2459,21.77560351,-103.246165
2460,22.77710066,-103.6821341
2461,22.84808157,-102.4807201
2462,23.43533228,-102.2616758
2463,22.13048971,-101.9035384
2464,22.54624044,-101.9389856
2465,22.39129675,-101.7401359
2466,22.29729101,-102.865748
2467,22.73833795,-102.6781559
2468,22.75298852,-102.3182226
2469,21.514028,-103.3612748
